run,ss_id,datetime,forecast,outturn
2020-07-17 22:54:23,6144,2015-01-02 11:00:00,821.468,1162.05
2020-07-17 22:54:23,6144,2015-01-02 12:00:00,867.6222,1232.4499999999998
2020-07-17 22:54:23,6144,2015-01-02 13:00:00,727.8835,1105.05
2020-07-17 22:54:23,6144,2015-01-02 14:00:00,415.14343,784.6800000000001
2020-07-17 22:54:23,6144,2015-01-03 11:00:00,98.13937,18.810000000000002
2020-07-17 22:54:23,6144,2015-01-03 12:00:00,98.90954,68.35
2020-07-17 22:54:23,6144,2015-01-03 13:00:00,139.77779,72.53999999999999
2020-07-17 22:54:23,6144,2015-01-03 14:00:00,252.93817,77.72
2020-07-17 22:54:23,6144,2015-01-04 11:00:00,626.8737,188.66
2020-07-17 22:54:23,6144,2015-01-04 12:00:00,795.0279,156.38
2020-07-17 22:54:23,6144,2015-01-04 13:00:00,366.99652,131.33
2020-07-17 22:54:23,6144,2015-01-04 14:00:00,322.3394,80.06
2020-07-17 22:54:23,6144,2015-01-05 11:00:00,374.601,101.2
2020-07-17 22:54:23,6144,2015-01-05 12:00:00,629.80536,148.39
2020-07-17 22:54:23,6144,2015-01-05 13:00:00,659.2054,187.64999999999998
2020-07-17 22:54:23,6144,2015-01-05 14:00:00,260.02994,95.9
2020-07-17 22:54:23,6144,2015-01-06 11:00:00,380.91937,55.160000000000004
2020-07-17 22:54:23,6144,2015-01-06 12:00:00,97.694145,108.07
2020-07-17 22:54:23,6144,2015-01-06 13:00:00,299.17496,655.21
2020-07-17 22:54:23,6144,2015-01-06 14:00:00,373.17105,537.67
2020-07-17 22:54:23,6144,2015-01-07 11:00:00,475.40927,91.5
2020-07-17 22:54:23,6144,2015-01-07 12:00:00,429.8413,151.28
2020-07-17 22:54:23,6144,2015-01-07 13:00:00,198.54735,129.43
2020-07-17 22:54:23,6144,2015-01-07 14:00:00,140.8865,80.28999999999999
2020-07-17 22:54:23,6144,2015-01-08 11:00:00,519.80786,19.37
2020-07-17 22:54:23,6144,2015-01-08 12:00:00,872.64954,319.71000000000004
2020-07-17 22:54:23,6144,2015-01-08 13:00:00,991.5091,1090.0
2020-07-17 22:54:23,6144,2015-01-08 14:00:00,651.24133,579.13
2020-07-17 22:54:23,6144,2015-01-08 15:00:00,225.91414,318.79
2020-07-17 22:54:23,6144,2015-01-09 11:00:00,742.4231,1061.1799999999998
2020-07-17 22:54:23,6144,2015-01-09 12:00:00,693.7331,654.78
2020-07-17 22:54:23,6144,2015-01-09 13:00:00,565.98425,621.3399999999999
2020-07-17 22:54:23,6144,2015-01-09 14:00:00,389.3779,297.03999999999996
2020-07-17 22:54:23,6144,2015-01-09 15:00:00,161.48857,30.1
2020-07-17 22:54:23,6144,2015-01-10 11:00:00,495.18057,673.84
2020-07-17 22:54:23,6144,2015-01-10 12:00:00,629.8877,617.3
2020-07-17 22:54:23,6144,2015-01-10 13:00:00,887.5034,503.75
2020-07-17 22:54:23,6144,2015-01-10 14:00:00,502.13806,519.0999999999999
2020-07-17 22:54:23,6144,2015-01-10 15:00:00,211.48877,153.08
2020-07-17 22:54:23,6144,2015-01-11 11:00:00,890.97424,1117.45
2020-07-17 22:54:23,6144,2015-01-11 12:00:00,934.2476,1275.0
2020-07-17 22:54:23,6144,2015-01-11 13:00:00,880.5795,584.56
2020-07-17 22:54:23,6144,2015-01-11 14:00:00,605.4116,156.6
2020-07-17 22:54:23,6144,2015-01-11 15:00:00,195.04732,109.96
2020-07-17 22:54:23,6144,2015-01-12 11:00:00,87.2118,117.82
2020-07-17 22:54:23,6144,2015-01-12 12:00:00,148.27394,112.77000000000001
2020-07-17 22:54:23,6144,2015-01-12 13:00:00,173.02655,65.85
2020-07-17 22:54:23,6144,2015-01-12 14:00:00,224.3241,83.63
2020-07-17 22:54:23,6144,2015-01-12 15:00:00,170.26498,20.490000000000002
2020-07-17 22:54:23,6144,2015-01-13 11:00:00,718.9422,862.52
2020-07-17 22:54:23,6144,2015-01-13 12:00:00,830.22174,202.76999999999998
2020-07-17 22:54:23,6144,2015-01-13 13:00:00,686.66656,253.16
2020-07-17 22:54:23,6144,2015-01-13 14:00:00,693.97363,124.22
2020-07-17 22:54:23,6144,2015-01-13 15:00:00,102.9599,286.37
2020-07-17 22:54:23,6144,2015-01-14 11:00:00,1166.6108,1315.4
2020-07-17 22:54:23,6144,2015-01-14 12:00:00,1158.5505,1205.4
2020-07-17 22:54:23,6144,2015-01-14 13:00:00,796.25146,704.23
2020-07-17 22:54:23,6144,2015-01-14 14:00:00,695.74774,717.39
2020-07-17 22:54:23,6144,2015-01-14 15:00:00,243.40219,131.1
2020-07-17 22:54:23,6144,2015-01-15 11:00:00,823.4184,1100.85
2020-07-17 22:54:23,6144,2015-01-15 12:00:00,1164.6506,403.46000000000004
2020-07-17 22:54:23,6144,2015-01-15 13:00:00,1043.1046,482.98
2020-07-17 22:54:23,6144,2015-01-15 14:00:00,765.2012,487.83000000000004
2020-07-17 22:54:23,6144,2015-01-15 15:00:00,204.2291,266.78000000000003
2020-07-17 22:54:23,6144,2015-01-16 11:00:00,231.11165,248.46
2020-07-17 22:54:23,6144,2015-01-16 12:00:00,240.88156,815.6500000000001
2020-07-17 22:54:23,6144,2015-01-16 13:00:00,314.7291,1109.4
2020-07-17 22:54:23,6144,2015-01-16 14:00:00,163.44565,442.44
2020-07-17 22:54:23,6144,2015-01-16 15:00:00,112.48883,344.92999999999995
2020-07-17 22:54:23,6144,2015-01-17 11:00:00,1056.7914,413.0
2020-07-17 22:54:23,6144,2015-01-17 12:00:00,1354.1578,1275.2
2020-07-17 22:54:23,6144,2015-01-17 13:00:00,1087.0333,1278.9
2020-07-17 22:54:23,6144,2015-01-17 14:00:00,680.7268,807.8599999999999
2020-07-17 22:54:23,6144,2015-01-17 15:00:00,191.85172,164.38
2020-07-17 22:54:23,6144,2015-01-18 11:00:00,746.23755,771.46
2020-07-17 22:54:23,6144,2015-01-18 12:00:00,738.67346,1287.7
2020-07-17 22:54:23,6144,2015-01-18 13:00:00,651.85736,973.4200000000001
2020-07-17 22:54:23,6144,2015-01-18 14:00:00,364.4783,1017.44
2020-07-17 22:54:23,6144,2015-01-18 15:00:00,187.59561,584.9200000000001
2020-07-17 22:54:23,6144,2015-01-19 11:00:00,696.2269,1336.9
2020-07-17 22:54:23,6144,2015-01-19 12:00:00,916.3675,1393.95
2020-07-17 22:54:23,6144,2015-01-19 13:00:00,868.95337,1284.4
2020-07-17 22:54:23,6144,2015-01-19 14:00:00,709.551,1017.1
2020-07-17 22:54:23,6144,2015-01-19 15:00:00,388.3703,590.2
2020-07-17 22:54:23,6144,2015-01-20 11:00:00,938.9701,998.49
2020-07-17 22:54:23,6144,2015-01-20 12:00:00,1013.41046,391.15999999999997
2020-07-17 22:54:23,6144,2015-01-20 13:00:00,721.1974,987.96
2020-07-17 22:54:23,6144,2015-01-20 14:00:00,289.25156,320.09000000000003
2020-07-17 22:54:23,6144,2015-01-20 15:00:00,175.08179,144.98
2020-07-17 22:54:23,6144,2015-01-21 11:00:00,260.93097,9.26
2020-07-17 22:54:23,6144,2015-01-21 12:00:00,322.7156,48.589999999999996
2020-07-17 22:54:23,6144,2015-01-21 13:00:00,271.91217,83.19
2020-07-17 22:54:23,6144,2015-01-21 14:00:00,282.39636,117.60000000000001
2020-07-17 22:54:23,6144,2015-01-21 15:00:00,202.12624,49.989999999999995
2020-07-17 22:54:23,6144,2015-01-22 11:00:00,680.68646,320.49
2020-07-17 22:54:23,6144,2015-01-22 12:00:00,888.6264,395.88
2020-07-17 22:54:23,6144,2015-01-22 13:00:00,925.9301,320.01
2020-07-17 22:54:23,6144,2015-01-22 14:00:00,803.09094,370.7
2020-07-17 22:54:23,6144,2015-01-22 15:00:00,434.9894,145.89999999999998
2020-07-17 22:54:23,6144,2015-01-23 11:00:00,607.7451,1238.5
2020-07-17 22:54:23,6144,2015-01-23 12:00:00,605.11066,1298.25
2020-07-17 22:54:23,6144,2015-01-23 13:00:00,700.09454,1168.75
2020-07-17 22:54:23,6144,2015-01-23 14:00:00,607.90796,713.03
2020-07-17 22:54:23,6144,2015-01-23 15:00:00,325.00555,352.35
2020-07-17 22:54:23,6144,2015-01-24 10:00:00,483.34604,980.67
2020-07-17 22:54:23,6144,2015-01-24 11:00:00,802.76294,1350.9
2020-07-17 22:54:23,6144,2015-01-24 12:00:00,834.432,1381.1
2020-07-17 22:54:23,6144,2015-01-24 13:00:00,737.17175,1279.9499999999998
2020-07-17 22:54:23,6144,2015-01-24 14:00:00,549.58124,766.81
2020-07-17 22:54:23,6144,2015-01-24 15:00:00,282.61475,305.0
2020-07-17 22:54:23,6144,2015-01-25 10:00:00,563.1377,219.33
2020-07-17 22:54:23,6144,2015-01-25 11:00:00,695.0439,467.53000000000003
2020-07-17 22:54:23,6144,2015-01-25 12:00:00,600.9318,668.27
2020-07-17 22:54:23,6144,2015-01-25 13:00:00,558.80414,445.64
2020-07-17 22:54:23,6144,2015-01-25 14:00:00,425.86227,736.04
2020-07-17 22:54:23,6144,2015-01-25 15:00:00,187.39612,653.05
2020-07-17 22:54:23,6144,2015-01-26 10:00:00,230.86137,735.91
2020-07-17 22:54:23,6144,2015-01-26 11:00:00,278.53888,77.69
2020-07-17 22:54:23,6144,2015-01-26 12:00:00,499.8429,256.25
2020-07-17 22:54:23,6144,2015-01-26 13:00:00,691.73254,393.88
2020-07-17 22:54:23,6144,2015-01-26 14:00:00,628.45123,185.82999999999998
2020-07-17 22:54:23,6144,2015-01-26 15:00:00,432.47507,162.88
2020-07-17 22:54:23,6144,2015-01-27 10:00:00,413.32083,140.45
2020-07-17 22:54:23,6144,2015-01-27 11:00:00,836.7886,123.28
2020-07-17 22:54:23,6144,2015-01-27 12:00:00,539.285,128.82999999999998
2020-07-17 22:54:23,6144,2015-01-27 13:00:00,528.211,243.28
2020-07-17 22:54:23,6144,2015-01-27 14:00:00,622.18066,301.88
2020-07-17 22:54:23,6144,2015-01-27 15:00:00,309.67294,122.38999999999999
2020-07-17 22:54:23,6144,2015-01-28 10:00:00,126.0756,84.55000000000001
2020-07-17 22:54:23,6144,2015-01-28 11:00:00,385.4,161.43
2020-07-17 22:54:23,6144,2015-01-28 12:00:00,673.5816,350.28999999999996
2020-07-17 22:54:23,6144,2015-01-28 13:00:00,841.59485,537.7
2020-07-17 22:54:23,6144,2015-01-28 14:00:00,553.61926,1136.55
2020-07-17 22:54:23,6144,2015-01-28 15:00:00,459.50336,688.64
2020-07-17 22:54:23,6144,2015-01-29 10:00:00,443.27124,1097.28
2020-07-17 22:54:23,6144,2015-01-29 11:00:00,675.9516,1476.6
2020-07-17 22:54:23,6144,2015-01-29 12:00:00,732.5871,1151.02
2020-07-17 22:54:23,6144,2015-01-29 13:00:00,660.36554,909.24
2020-07-17 22:54:23,6144,2015-01-29 14:00:00,715.98157,146.53
2020-07-17 22:54:23,6144,2015-01-29 15:00:00,592.1978,94.06
2020-07-17 22:54:23,6144,2015-01-30 10:00:00,461.35315,829.73
2020-07-17 22:54:23,6144,2015-01-30 11:00:00,600.5949,1032.74
2020-07-17 22:54:23,6144,2015-01-30 12:00:00,1044.4591,867.44
2020-07-17 22:54:23,6144,2015-01-30 13:00:00,895.2745,281.59000000000003
2020-07-17 22:54:23,6144,2015-01-30 14:00:00,745.5411,422.1
2020-07-17 22:54:23,6144,2015-01-30 15:00:00,412.16202,572.8
2020-07-17 22:54:23,6144,2015-01-31 10:00:00,861.8318,110.84
2020-07-17 22:54:23,6144,2015-01-31 11:00:00,1129.7053,113.27
2020-07-17 22:54:23,6144,2015-01-31 12:00:00,1056.9801,493.49
2020-07-17 22:54:23,6144,2015-01-31 13:00:00,928.24695,559.4
2020-07-17 22:54:23,6144,2015-01-31 14:00:00,632.17053,121.76
2020-07-17 22:54:23,6144,2015-01-31 15:00:00,488.6111,140.97
2020-07-17 22:54:25,11715,2015-01-02 11:00:00,322.928,526.0
2020-07-17 22:54:25,11715,2015-01-02 12:00:00,752.5543,1019.0
2020-07-17 22:54:25,11715,2015-01-02 13:00:00,937.95844,1307.0
2020-07-17 22:54:25,11715,2015-01-02 14:00:00,507.87427,1135.0
2020-07-17 22:54:25,11715,2015-01-03 11:00:00,123.23181,48.0
2020-07-17 22:54:25,11715,2015-01-03 12:00:00,129.50345,21.0
2020-07-17 22:54:25,11715,2015-01-03 13:00:00,155.71939,58.0
2020-07-17 22:54:25,11715,2015-01-03 14:00:00,173.37212,104.0
2020-07-17 22:54:25,11715,2015-01-04 11:00:00,225.27374,137.0
2020-07-17 22:54:25,11715,2015-01-04 12:00:00,381.61597,297.0
2020-07-17 22:54:25,11715,2015-01-04 13:00:00,570.8057,478.0
2020-07-17 22:54:25,11715,2015-01-04 14:00:00,469.0913,402.0
2020-07-17 22:54:25,11715,2015-01-05 11:00:00,110.6316,511.0
2020-07-17 22:54:25,11715,2015-01-05 12:00:00,161.63625,519.0
2020-07-17 22:54:25,11715,2015-01-05 13:00:00,468.2657,425.0
2020-07-17 22:54:25,11715,2015-01-05 14:00:00,602.8652,244.0
2020-07-17 22:54:25,11715,2015-01-06 11:00:00,110.03672,81.0
2020-07-17 22:54:25,11715,2015-01-06 12:00:00,147.29025,28.0
2020-07-17 22:54:25,11715,2015-01-06 13:00:00,418.40842,65.0
2020-07-17 22:54:25,11715,2015-01-06 14:00:00,148.01697,243.0
2020-07-17 22:54:25,11715,2015-01-07 11:00:00,158.83704,126.0
2020-07-17 22:54:25,11715,2015-01-07 12:00:00,218.50826,136.0
2020-07-17 22:54:25,11715,2015-01-07 13:00:00,235.69304,122.0
2020-07-17 22:54:25,11715,2015-01-07 14:00:00,141.9463,107.0
2020-07-17 22:54:25,11715,2015-01-08 11:00:00,184.22641,8.0
2020-07-17 22:54:25,11715,2015-01-08 12:00:00,475.1115,46.0
2020-07-17 22:54:25,11715,2015-01-08 13:00:00,964.583,591.0
2020-07-17 22:54:25,11715,2015-01-08 14:00:00,937.7202,1139.0
2020-07-17 22:54:25,11715,2015-01-09 11:00:00,511.31036,775.0
2020-07-17 22:54:25,11715,2015-01-09 12:00:00,969.31256,1315.0
2020-07-17 22:54:25,11715,2015-01-09 13:00:00,585.55914,827.0
2020-07-17 22:54:25,11715,2015-01-09 14:00:00,414.11877,639.0
2020-07-17 22:54:25,11715,2015-01-10 11:00:00,204.83224,53.0
2020-07-17 22:54:25,11715,2015-01-10 12:00:00,508.84567,328.0
2020-07-17 22:54:25,11715,2015-01-10 13:00:00,990.40533,713.0
2020-07-17 22:54:25,11715,2015-01-10 14:00:00,1043.9841,365.0
2020-07-17 22:54:25,11715,2015-01-11 11:00:00,510.4409,622.0
2020-07-17 22:54:25,11715,2015-01-11 12:00:00,906.2829,1262.0
2020-07-17 22:54:25,11715,2015-01-11 13:00:00,884.9226,1239.0
2020-07-17 22:54:25,11715,2015-01-11 14:00:00,1066.8453,459.0
2020-07-17 22:54:25,11715,2015-01-11 15:00:00,478.80734,69.0
2020-07-17 22:54:25,11715,2015-01-12 11:00:00,30.362082,33.0
2020-07-17 22:54:25,11715,2015-01-12 12:00:00,33.917065,69.0
2020-07-17 22:54:25,11715,2015-01-12 13:00:00,52.241882,88.0
2020-07-17 22:54:25,11715,2015-01-12 14:00:00,36.822666,117.0
2020-07-17 22:54:25,11715,2015-01-12 15:00:00,47.709812,78.0
2020-07-17 22:54:25,11715,2015-01-13 11:00:00,494.10214,447.0
2020-07-17 22:54:25,11715,2015-01-13 12:00:00,725.3889,675.0
2020-07-17 22:54:25,11715,2015-01-13 13:00:00,947.4032,178.0
2020-07-17 22:54:25,11715,2015-01-13 14:00:00,672.0996,113.0
2020-07-17 22:54:25,11715,2015-01-13 15:00:00,180.47359,75.0
2020-07-17 22:54:25,11715,2015-01-15 11:00:00,295.36478,723.0
2020-07-17 22:54:25,11715,2015-01-15 12:00:00,766.53345,1458.0
2020-07-17 22:54:25,11715,2015-01-15 13:00:00,1162.809,273.0
2020-07-17 22:54:25,11715,2015-01-15 14:00:00,828.6289,682.0
2020-07-17 22:54:25,11715,2015-01-15 15:00:00,240.23227,684.0
2020-07-17 22:54:25,11715,2015-01-16 11:00:00,316.32895,207.0
2020-07-17 22:54:25,11715,2015-01-16 12:00:00,299.27475,427.0
2020-07-17 22:54:25,11715,2015-01-16 13:00:00,234.22609,890.0
2020-07-17 22:54:25,11715,2015-01-16 14:00:00,291.28912,1183.0
2020-07-17 22:54:25,11715,2015-01-16 15:00:00,233.93018,723.0
2020-07-17 22:54:25,11715,2015-01-17 11:00:00,687.7591,238.0
2020-07-17 22:54:25,11715,2015-01-17 12:00:00,1135.2914,1356.0
2020-07-17 22:54:25,11715,2015-01-17 13:00:00,1235.2206,1360.0
2020-07-17 22:54:25,11715,2015-01-17 14:00:00,733.6843,1251.0
2020-07-17 22:54:25,11715,2015-01-17 15:00:00,458.07846,964.0
2020-07-17 22:54:25,11715,2015-01-18 11:00:00,511.34683,134.0
2020-07-17 22:54:25,11715,2015-01-18 12:00:00,1002.0749,334.0
2020-07-17 22:54:25,11715,2015-01-18 13:00:00,1059.4451,415.0
2020-07-17 22:54:25,11715,2015-01-18 14:00:00,711.7713,1165.0
2020-07-17 22:54:25,11715,2015-01-18 15:00:00,337.14474,969.0
2020-07-17 22:54:25,11715,2015-01-19 11:00:00,176.23201,515.0
2020-07-17 22:54:25,11715,2015-01-19 12:00:00,397.36206,1427.0
2020-07-17 22:54:25,11715,2015-01-19 13:00:00,585.10974,608.0
2020-07-17 22:54:25,11715,2015-01-19 14:00:00,793.1841,607.0
2020-07-17 22:54:25,11715,2015-01-19 15:00:00,857.91266,319.0
2020-07-17 22:54:25,11715,2015-01-20 11:00:00,509.51105,465.0
2020-07-17 22:54:25,11715,2015-01-20 12:00:00,915.52545,1173.0
2020-07-17 22:54:25,11715,2015-01-20 13:00:00,925.88434,347.0
2020-07-17 22:54:25,11715,2015-01-20 14:00:00,926.5787,644.0
2020-07-17 22:54:25,11715,2015-01-20 15:00:00,498.81998,762.0
2020-07-17 22:54:25,11715,2015-01-21 11:00:00,153.56464,39.0
2020-07-17 22:54:25,11715,2015-01-21 12:00:00,244.90434,101.0
2020-07-17 22:54:25,11715,2015-01-21 13:00:00,280.31094,132.0
2020-07-17 22:54:25,11715,2015-01-21 14:00:00,223.78532,96.0
2020-07-17 22:54:25,11715,2015-01-21 15:00:00,257.49316,105.0
2020-07-17 22:54:25,11715,2015-01-22 11:00:00,216.77705,146.0
2020-07-17 22:54:25,11715,2015-01-22 12:00:00,697.7029,251.0
2020-07-17 22:54:25,11715,2015-01-22 13:00:00,676.74646,549.0
2020-07-17 22:54:25,11715,2015-01-22 14:00:00,795.39966,946.0
2020-07-17 22:54:25,11715,2015-01-22 15:00:00,656.28186,305.0
2020-07-17 22:54:25,11715,2015-01-23 11:00:00,209.64691,651.0
2020-07-17 22:54:25,11715,2015-01-23 12:00:00,332.6805,1257.0
2020-07-17 22:54:25,11715,2015-01-23 13:00:00,505.2499,1354.0
2020-07-17 22:54:25,11715,2015-01-23 14:00:00,479.3463,1110.0
2020-07-17 22:54:25,11715,2015-01-23 15:00:00,508.179,617.0
2020-07-17 22:54:25,11715,2015-01-24 10:00:00,198.40268,136.0
2020-07-17 22:54:25,11715,2015-01-24 11:00:00,344.4418,765.0
2020-07-17 22:54:25,11715,2015-01-24 12:00:00,337.35458,1345.0
2020-07-17 22:54:25,11715,2015-01-24 13:00:00,609.99274,1368.0
2020-07-17 22:54:25,11715,2015-01-24 14:00:00,704.9491,1311.0
2020-07-17 22:54:25,11715,2015-01-24 15:00:00,674.5578,1002.0
2020-07-17 22:54:25,11715,2015-01-25 10:00:00,200.82204,139.0
2020-07-17 22:54:25,11715,2015-01-25 11:00:00,326.61096,483.0
2020-07-17 22:54:25,11715,2015-01-25 12:00:00,787.5695,437.0
2020-07-17 22:54:25,11715,2015-01-25 13:00:00,923.349,1164.0
2020-07-17 22:54:25,11715,2015-01-25 14:00:00,845.8726,309.0
2020-07-17 22:54:25,11715,2015-01-25 15:00:00,594.8586,244.0
2020-07-17 22:54:25,11715,2015-01-26 10:00:00,114.77806,129.0
2020-07-17 22:54:25,11715,2015-01-26 11:00:00,184.67368,581.0
2020-07-17 22:54:25,11715,2015-01-26 12:00:00,533.93616,805.0
2020-07-17 22:54:25,11715,2015-01-26 13:00:00,623.363,857.0
2020-07-17 22:54:25,11715,2015-01-26 14:00:00,736.0337,197.0
2020-07-17 22:54:25,11715,2015-01-26 15:00:00,417.66556,126.0
2020-07-17 22:54:25,11715,2015-01-27 10:00:00,146.80478,164.0
2020-07-17 22:54:25,11715,2015-01-27 11:00:00,378.21793,364.0
2020-07-17 22:54:25,11715,2015-01-27 12:00:00,455.12677,434.0
2020-07-17 22:54:25,11715,2015-01-27 13:00:00,519.86334,489.0
2020-07-17 22:54:25,11715,2015-01-27 14:00:00,560.51514,238.0
2020-07-17 22:54:25,11715,2015-01-27 15:00:00,469.59674,145.0
2020-07-17 22:54:25,11715,2015-01-28 10:00:00,202.84126,16.0
2020-07-17 22:54:25,11715,2015-01-28 11:00:00,224.32951,72.0
2020-07-17 22:54:25,11715,2015-01-28 12:00:00,266.76007,103.0
2020-07-17 22:54:25,11715,2015-01-28 13:00:00,404.90732,216.0
2020-07-17 22:54:25,11715,2015-01-28 14:00:00,364.24023,886.0
2020-07-17 22:54:25,11715,2015-01-28 15:00:00,709.26825,546.0
2020-07-17 22:54:25,11715,2015-01-29 10:00:00,172.21759,116.0
2020-07-17 22:54:25,11715,2015-01-29 11:00:00,403.4829,728.0
2020-07-17 22:54:25,11715,2015-01-29 12:00:00,621.09625,955.0
2020-07-17 22:54:25,11715,2015-01-29 13:00:00,688.61127,403.0
2020-07-17 22:54:25,11715,2015-01-29 14:00:00,716.01624,222.0
2020-07-17 22:54:25,11715,2015-01-29 15:00:00,664.301,13.0
2020-07-17 22:54:25,11715,2015-01-30 10:00:00,300.90958,53.0
2020-07-17 22:54:25,11715,2015-01-30 11:00:00,314.41025,296.0
2020-07-17 22:54:25,11715,2015-01-30 12:00:00,170.35524,278.0
2020-07-17 22:54:25,11715,2015-01-30 13:00:00,558.0586,264.0
2020-07-17 22:54:25,11715,2015-01-30 14:00:00,632.7911,956.0
2020-07-17 22:54:25,11715,2015-01-30 15:00:00,616.2852,880.0
2020-07-17 22:54:25,11715,2015-01-31 10:00:00,28.32539,91.0
2020-07-17 22:54:25,11715,2015-01-31 11:00:00,311.0102,181.0
2020-07-17 22:54:25,11715,2015-01-31 12:00:00,1026.389,83.0
2020-07-17 22:54:25,11715,2015-01-31 13:00:00,1081.6807,420.0
2020-07-17 22:54:25,11715,2015-01-31 14:00:00,1073.9564,277.0
2020-07-17 22:54:25,11715,2015-01-31 15:00:00,729.40173,167.0
2020-07-17 22:54:26,5738,2015-01-02 11:00:00,814.3475,1496.35
2020-07-17 22:54:26,5738,2015-01-02 12:00:00,1484.4025,1920.4
2020-07-17 22:54:26,5738,2015-01-02 13:00:00,1640.3351,2089.6000000000004
2020-07-17 22:54:26,5738,2015-01-02 14:00:00,1381.5077,1925.75
2020-07-17 22:54:26,5738,2015-01-03 11:00:00,592.21027,61.709999999999994
2020-07-17 22:54:26,5738,2015-01-03 12:00:00,628.7464,79.17
2020-07-17 22:54:26,5738,2015-01-03 13:00:00,614.4932,112.66999999999999
2020-07-17 22:54:26,5738,2015-01-03 14:00:00,673.7765,131.25
2020-07-17 22:54:26,5738,2015-01-04 11:00:00,378.1657,237.10000000000002
2020-07-17 22:54:26,5738,2015-01-04 12:00:00,909.75903,329.94
2020-07-17 22:54:26,5738,2015-01-04 13:00:00,1091.4025,292.2
2020-07-17 22:54:26,5738,2015-01-04 14:00:00,1557.996,213.77
2020-07-17 22:54:26,5738,2015-01-05 11:00:00,225.9966,306.25
2020-07-17 22:54:26,5738,2015-01-05 12:00:00,139.53925,515.07
2020-07-17 22:54:26,5738,2015-01-05 13:00:00,145.1969,386.36
2020-07-17 22:54:26,5738,2015-01-05 14:00:00,93.79622,429.69
2020-07-17 22:54:26,5738,2015-01-06 11:00:00,139.01901,101.65
2020-07-17 22:54:26,5738,2015-01-06 12:00:00,85.73944,107.36
2020-07-17 22:54:26,5738,2015-01-06 13:00:00,132.19316,145.25
2020-07-17 22:54:26,5738,2015-01-06 14:00:00,333.14218,392.27
2020-07-17 22:54:26,5738,2015-01-07 11:00:00,512.45465,375.27
2020-07-17 22:54:26,5738,2015-01-07 12:00:00,337.17722,324.37
2020-07-17 22:54:26,5738,2015-01-07 13:00:00,326.45398,254.81
2020-07-17 22:54:26,5738,2015-01-07 14:00:00,356.51385,208.05
2020-07-17 22:54:26,5738,2015-01-08 11:00:00,685.82153,15.399999999999999
2020-07-17 22:54:26,5738,2015-01-08 12:00:00,806.7426,70.62
2020-07-17 22:54:26,5738,2015-01-08 13:00:00,913.5406,644.89
2020-07-17 22:54:26,5738,2015-01-08 14:00:00,1021.37396,1828.15
2020-07-17 22:54:26,5738,2015-01-09 11:00:00,1344.476,1430.5
2020-07-17 22:54:26,5738,2015-01-09 12:00:00,1351.6696,1462.6
2020-07-17 22:54:26,5738,2015-01-09 13:00:00,1210.753,803.25
2020-07-17 22:54:26,5738,2015-01-09 14:00:00,622.2036,669.3
2020-07-17 22:54:26,5738,2015-01-10 11:00:00,643.7171,254.55
2020-07-17 22:54:26,5738,2015-01-10 12:00:00,413.9299,609.83
2020-07-17 22:54:26,5738,2015-01-10 13:00:00,1167.2362,1501.15
2020-07-17 22:54:26,5738,2015-01-10 14:00:00,892.9444,1173.25
2020-07-17 22:54:26,5738,2015-01-10 15:00:00,568.20685,452.04999999999995
2020-07-17 22:54:26,5738,2015-01-11 11:00:00,1281.461,1296.25
2020-07-17 22:54:26,5738,2015-01-11 12:00:00,1226.2249,1919.0500000000002
2020-07-17 22:54:26,5738,2015-01-11 13:00:00,1576.6945,2138.6
2020-07-17 22:54:26,5738,2015-01-11 14:00:00,812.4577,764.39
2020-07-17 22:54:26,5738,2015-01-11 15:00:00,699.83026,122.21
2020-07-17 22:54:26,5738,2015-01-12 11:00:00,123.515434,143.07
2020-07-17 22:54:26,5738,2015-01-12 12:00:00,133.78377,94.30000000000001
2020-07-17 22:54:26,5738,2015-01-12 13:00:00,115.45892,125.41
2020-07-17 22:54:26,5738,2015-01-12 14:00:00,67.173004,140.62
2020-07-17 22:54:26,5738,2015-01-12 15:00:00,110.73451,84.59
2020-07-17 22:54:26,5738,2015-01-13 11:00:00,577.4799,1547.2
2020-07-17 22:54:26,5738,2015-01-13 12:00:00,1453.6534,634.34
2020-07-17 22:54:26,5738,2015-01-13 13:00:00,1737.4626,73.73
2020-07-17 22:54:26,5738,2015-01-13 14:00:00,1595.1898,678.5
2020-07-17 22:54:26,5738,2015-01-13 15:00:00,965.83203,629.55
2020-07-17 22:54:26,5738,2015-01-14 11:00:00,1629.7588,1567.65
2020-07-17 22:54:26,5738,2015-01-14 12:00:00,1741.7676,2113.55
2020-07-17 22:54:26,5738,2015-01-14 13:00:00,1708.6621,1629.6
2020-07-17 22:54:26,5738,2015-01-14 14:00:00,1917.6301,1791.95
2020-07-17 22:54:26,5738,2015-01-14 15:00:00,1245.4056,912.3600000000001
2020-07-17 22:54:26,5738,2015-01-15 11:00:00,1310.6133,1324.0
2020-07-17 22:54:26,5738,2015-01-15 12:00:00,1848.8873,1042.3200000000002
2020-07-17 22:54:26,5738,2015-01-15 13:00:00,1899.4655,1394.6
2020-07-17 22:54:26,5738,2015-01-15 14:00:00,1887.9686,1115.9
2020-07-17 22:54:26,5738,2015-01-15 15:00:00,921.03864,541.6899999999999
2020-07-17 22:54:26,5738,2015-01-16 11:00:00,383.20938,256.24
2020-07-17 22:54:26,5738,2015-01-16 12:00:00,363.17834,318.14
2020-07-17 22:54:26,5738,2015-01-16 13:00:00,268.92786,1544.69
2020-07-17 22:54:26,5738,2015-01-16 14:00:00,160.2231,1877.85
2020-07-17 22:54:26,5738,2015-01-16 15:00:00,113.3093,1601.1
2020-07-17 22:54:26,5738,2015-01-17 11:00:00,1357.9122,160.86
2020-07-17 22:54:26,5738,2015-01-17 12:00:00,1648.8059,970.42
2020-07-17 22:54:26,5738,2015-01-17 13:00:00,1739.1238,2373.3
2020-07-17 22:54:26,5738,2015-01-17 14:00:00,1850.698,2270.25
2020-07-17 22:54:26,5738,2015-01-17 15:00:00,1107.8582,1748.75
2020-07-17 22:54:26,5738,2015-01-18 11:00:00,1352.0378,634.48
2020-07-17 22:54:26,5738,2015-01-18 12:00:00,1927.5375,638.06
2020-07-17 22:54:26,5738,2015-01-18 13:00:00,1563.0242,1313.95
2020-07-17 22:54:26,5738,2015-01-18 14:00:00,1357.0665,1170.25
2020-07-17 22:54:26,5738,2015-01-18 15:00:00,1195.1083,676.8
2020-07-17 22:54:26,5738,2015-01-19 11:00:00,798.2626,1682.2
2020-07-17 22:54:26,5738,2015-01-19 12:00:00,1369.5067,2121.2
2020-07-17 22:54:26,5738,2015-01-19 13:00:00,1339.3956,1684.65
2020-07-17 22:54:26,5738,2015-01-19 14:00:00,1331.0902,1851.75
2020-07-17 22:54:26,5738,2015-01-19 15:00:00,682.61914,1862.25
2020-07-17 22:54:26,5738,2015-01-20 11:00:00,889.0197,1630.1
2020-07-17 22:54:26,5738,2015-01-20 12:00:00,1457.2864,1945.3000000000002
2020-07-17 22:54:26,5738,2015-01-20 13:00:00,1431.6864,1527.0500000000002
2020-07-17 22:54:26,5738,2015-01-20 14:00:00,1539.3557,1292.6
2020-07-17 22:54:26,5738,2015-01-20 15:00:00,688.99115,1933.1
2020-07-17 22:54:26,5738,2015-01-21 11:00:00,457.33115,148.92000000000002
2020-07-17 22:54:26,5738,2015-01-21 12:00:00,395.39224,130.2
2020-07-17 22:54:26,5738,2015-01-21 13:00:00,506.05646,170.24
2020-07-17 22:54:26,5738,2015-01-21 14:00:00,788.9316,120.17
2020-07-17 22:54:26,5738,2015-01-21 15:00:00,809.7338,60.38
2020-07-17 22:54:26,5738,2015-01-22 10:00:00,530.67346,266.41
2020-07-17 22:54:26,5738,2015-01-22 11:00:00,446.9315,340.3
2020-07-17 22:54:26,5738,2015-01-22 12:00:00,1547.1355,593.8299999999999
2020-07-17 22:54:26,5738,2015-01-22 13:00:00,1896.056,1200.83
2020-07-17 22:54:26,5738,2015-01-22 14:00:00,1696.0632,1818.0500000000002
2020-07-17 22:54:26,5738,2015-01-22 15:00:00,736.6422,390.64
2020-07-17 22:54:26,5738,2015-01-23 10:00:00,440.53146,786.51
2020-07-17 22:54:26,5738,2015-01-23 11:00:00,296.66522,1567.8
2020-07-17 22:54:26,5738,2015-01-23 12:00:00,899.2126,2109.8
2020-07-17 22:54:26,5738,2015-01-23 13:00:00,1092.6984,2306.2
2020-07-17 22:54:26,5738,2015-01-23 14:00:00,1149.0168,1891.25
2020-07-17 22:54:26,5738,2015-01-23 15:00:00,951.43195,1243.35
2020-07-17 22:54:26,5738,2015-01-24 10:00:00,509.20538,959.96
2020-07-17 22:54:26,5738,2015-01-24 11:00:00,1188.475,1600.05
2020-07-17 22:54:26,5738,2015-01-24 12:00:00,1304.0084,1933.85
2020-07-17 22:54:26,5738,2015-01-24 13:00:00,1121.3276,2309.75
2020-07-17 22:54:26,5738,2015-01-24 14:00:00,1129.6135,2248.75
2020-07-17 22:54:26,5738,2015-01-24 15:00:00,1175.803,1844.8
2020-07-17 22:54:26,5738,2015-01-25 10:00:00,607.5226,469.59000000000003
2020-07-17 22:54:26,5738,2015-01-25 11:00:00,1082.4163,861.3199999999999
2020-07-17 22:54:26,5738,2015-01-25 12:00:00,1942.2883,589.55
2020-07-17 22:54:26,5738,2015-01-25 13:00:00,1633.9572,903.15
2020-07-17 22:54:26,5738,2015-01-25 14:00:00,1311.4344,2037.8000000000002
2020-07-17 22:54:26,5738,2015-01-25 15:00:00,439.20395,1338.47
2020-07-17 22:54:26,5738,2015-01-26 10:00:00,559.1975,267.68
2020-07-17 22:54:26,5738,2015-01-26 11:00:00,686.4071,639.98
2020-07-17 22:54:26,5738,2015-01-26 12:00:00,568.1956,829.1600000000001
2020-07-17 22:54:26,5738,2015-01-26 13:00:00,610.594,943.56
2020-07-17 22:54:26,5738,2015-01-26 14:00:00,1381.7218,397.65
2020-07-17 22:54:26,5738,2015-01-26 15:00:00,707.9396,238.32999999999998
2020-07-17 22:54:26,5738,2015-01-27 10:00:00,647.6365,588.89
2020-07-17 22:54:26,5738,2015-01-27 11:00:00,948.3224,981.72
2020-07-17 22:54:26,5738,2015-01-27 12:00:00,924.7294,1896.55
2020-07-17 22:54:26,5738,2015-01-27 13:00:00,1427.658,1006.5799999999999
2020-07-17 22:54:26,5738,2015-01-27 14:00:00,1517.2688,204.46
2020-07-17 22:54:26,5738,2015-01-27 15:00:00,1124.494,121.04
2020-07-17 22:54:26,5738,2015-01-28 10:00:00,546.1548,82.08
2020-07-17 22:54:26,5738,2015-01-28 11:00:00,560.7559,280.56
2020-07-17 22:54:26,5738,2015-01-28 12:00:00,710.0192,224.34999999999997
2020-07-17 22:54:26,5738,2015-01-28 13:00:00,999.8755,312.68
2020-07-17 22:54:26,5738,2015-01-28 14:00:00,1189.4601,1173.6200000000001
2020-07-17 22:54:26,5738,2015-01-28 15:00:00,1700.142,2044.4
2020-07-17 22:54:26,5738,2015-01-29 10:00:00,419.91077,1048.59
2020-07-17 22:54:26,5738,2015-01-29 11:00:00,999.682,1749.0500000000002
2020-07-17 22:54:26,5738,2015-01-29 12:00:00,1510.753,2215.0
2020-07-17 22:54:26,5738,2015-01-29 13:00:00,1605.0724,1450.76
2020-07-17 22:54:26,5738,2015-01-29 14:00:00,1592.438,399.19
2020-07-17 22:54:26,5738,2015-01-29 15:00:00,889.9366,199.75
2020-07-17 22:54:26,5738,2015-01-30 10:00:00,719.542,254.53
2020-07-17 22:54:26,5738,2015-01-30 11:00:00,1051.1295,938.74
2020-07-17 22:54:26,5738,2015-01-30 12:00:00,928.7276,859.19
2020-07-17 22:54:26,5738,2015-01-30 13:00:00,1172.9553,569.77
2020-07-17 22:54:26,5738,2015-01-30 14:00:00,1255.567,633.4300000000001
2020-07-17 22:54:26,5738,2015-01-30 15:00:00,1382.4944,408.35
2020-07-17 22:54:26,5738,2015-01-31 10:00:00,714.5496,215.55
2020-07-17 22:54:26,5738,2015-01-31 11:00:00,877.3692,300.17
2020-07-17 22:54:26,5738,2015-01-31 12:00:00,1108.081,168.01
2020-07-17 22:54:26,5738,2015-01-31 13:00:00,1361.0967,153.74
2020-07-17 22:54:26,5738,2015-01-31 14:00:00,1517.1694,210.76
2020-07-17 22:54:26,5738,2015-01-31 15:00:00,1739.7135,118.98
